-- Botanist v1 demo seed data
-- Run after schema.sql

insert into plants (
  id,
  nickname,
  common_name,
  species,
  location,
  light_conditions,
  watering_notes,
  fertilizer_notes,
  soil_notes,
  current_health_score,
  status,
  cover_photo_url,
  is_public,
  created_at,
  updated_at
)
values
  (
    '11111111-1111-1111-1111-111111111111',
    'Mona',
    'Monstera',
    'Monstera deliciosa',
    'Living room window',
    'Bright indirect',
    'Water every 8-10 days when top two inches are dry.',
    'Half-strength monthly in spring/summer.',
    'Chunky aroid mix with bark and perlite.',
    86,
    'thriving',
    'https://images.unsplash.com/photo-1497250681960-ef046c08a56e?auto=format&fit=crop&w=1200&q=80',
    true,
    now() - interval '120 days',
    now() - interval '2 days'
  ),
  (
    '22222222-2222-2222-2222-222222222222',
    'Benny',
    'Basil',
    'Ocimum basilicum',
    'Kitchen counter',
    '6+ hours direct',
    'Keep moist but not soggy.',
    'Light feed every two weeks.',
    'Rich potting mix with compost.',
    72,
    'stable',
    'https://images.unsplash.com/photo-1466692476868-aef1dfb1e735?auto=format&fit=crop&w=1200&q=80',
    false,
    now() - interval '45 days',
    now() - interval '1 day'
  ),
  (
    '33333333-3333-3333-3333-333333333333',
    'Sylvia',
    'Snake Plant',
    'Dracaena trifasciata',
    'Bedroom shelf',
    'Low to medium indirect',
    'Water every three weeks after full dry-down.',
    'Feed every six to eight weeks.',
    'Fast-draining cactus blend.',
    91,
    'thriving',
    'https://images.unsplash.com/photo-1463936575829-25148e1db1b8?auto=format&fit=crop&w=1200&q=80',
    true,
    now() - interval '240 days',
    now() - interval '5 days'
  )
on conflict (id) do nothing;

insert into plant_photos (
  id,
  plant_id,
  image_url,
  storage_path,
  notes,
  uploaded_at,
  taken_at,
  created_at
)
values
  (
    'aaaa1111-1111-1111-1111-111111111111',
    '11111111-1111-1111-1111-111111111111',
    'https://images.unsplash.com/photo-1497250681960-ef046c08a56e?auto=format&fit=crop&w=1200&q=80',
    null,
    'New split leaf opened this week.',
    now() - interval '2 days',
    now() - interval '3 days',
    now() - interval '2 days'
  ),
  (
    'bbbb2222-2222-2222-2222-222222222222',
    '22222222-2222-2222-2222-222222222222',
    'https://images.unsplash.com/photo-1466692476868-aef1dfb1e735?auto=format&fit=crop&w=1200&q=80',
    null,
    'Leaves softened after heatwave.',
    now() - interval '1 day',
    now() - interval '1 day',
    now() - interval '1 day'
  ),
  (
    'cccc3333-3333-3333-3333-333333333333',
    '33333333-3333-3333-3333-333333333333',
    'https://images.unsplash.com/photo-1463936575829-25148e1db1b8?auto=format&fit=crop&w=1200&q=80',
    null,
    'Soil fully dry before watering.',
    now() - interval '6 days',
    now() - interval '6 days',
    now() - interval '6 days'
  )
on conflict (id) do nothing;

insert into care_tasks (
  id,
  plant_id,
  task_type,
  title,
  description,
  due_at,
  recurrence_rule,
  completed_at,
  created_at
)
values
  (
    'task1111-1111-1111-1111-111111111111',
    '11111111-1111-1111-1111-111111111111',
    'watering',
    'Water Mona',
    'Water slowly until slight drainage appears.',
    now() + interval '2 days',
    'FREQ=DAILY;INTERVAL=9',
    null,
    now() - interval '8 days'
  ),
  (
    'task2222-2222-2222-2222-222222222222',
    '22222222-2222-2222-2222-222222222222',
    'pest_inspection',
    'Inspect Benny leaves',
    'Check underside of leaves for aphids.',
    now() + interval '1 day',
    'FREQ=WEEKLY;INTERVAL=1',
    null,
    now() - interval '10 days'
  ),
  (
    'task3333-3333-3333-3333-333333333333',
    '33333333-3333-3333-3333-333333333333',
    'photo_reminder',
    'Upload Sylvia photo',
    'Capture full plant and top soil layer.',
    now() + interval '5 days',
    'FREQ=WEEKLY;INTERVAL=2',
    null,
    now() - interval '12 days'
  )
on conflict (id) do nothing;

insert into care_logs (
  id,
  plant_id,
  task_type,
  notes,
  completed_at,
  created_at
)
values
  (
    'log11111-1111-1111-1111-111111111111',
    '11111111-1111-1111-1111-111111111111',
    'rotation',
    'Rotated quarter turn for even growth.',
    now() - interval '4 days',
    now() - interval '4 days'
  ),
  (
    'log22222-2222-2222-2222-222222222222',
    '22222222-2222-2222-2222-222222222222',
    'watering',
    'Bottom-watered for twelve minutes.',
    now() - interval '3 days',
    now() - interval '3 days'
  ),
  (
    'log33333-3333-3333-3333-333333333333',
    '33333333-3333-3333-3333-333333333333',
    'fertilizing',
    'Fed with diluted cactus fertilizer.',
    now() - interval '15 days',
    now() - interval '15 days'
  )
on conflict (id) do nothing;

insert into milestones (
  id,
  plant_id,
  title,
  description,
  photo_url,
  milestone_date,
  is_public,
  created_at
)
values
  (
    'mile1111-1111-1111-1111-111111111111',
    '11111111-1111-1111-1111-111111111111',
    'First fenestrated leaf',
    'Mona opened her first true split leaf.',
    'https://images.unsplash.com/photo-1497250681960-ef046c08a56e?auto=format&fit=crop&w=1200&q=80',
    current_date - 10,
    true,
    now() - interval '10 days'
  ),
  (
    'mile2222-2222-2222-2222-222222222222',
    '22222222-2222-2222-2222-222222222222',
    'First harvest',
    'Trimmed basil leaves for dinner.',
    'https://images.unsplash.com/photo-1466692476868-aef1dfb1e735?auto=format&fit=crop&w=1200&q=80',
    current_date - 5,
    true,
    now() - interval '5 days'
  )
on conflict (id) do nothing;

insert into health_reports (
  id,
  plant_id,
  photo_id,
  health_score,
  leaf_color_score,
  posture_score,
  soil_score,
  growth_score,
  pest_risk,
  watering_risk,
  summary,
  recommended_actions,
  created_at
)
values
  (
    'health111-1111-1111-1111-111111111111',
    '11111111-1111-1111-1111-111111111111',
    'aaaa1111-1111-1111-1111-111111111111',
    86,
    90,
    85,
    78,
    88,
    'low',
    'medium',
    'Strong color and new growth with slight soil dryness.',
    'Water within 48 hours and maintain humidity above 45%.',
    now() - interval '2 days'
  ),
  (
    'health222-2222-2222-2222-222222222222',
    '22222222-2222-2222-2222-222222222222',
    'bbbb2222-2222-2222-2222-222222222222',
    72,
    75,
    70,
    68,
    74,
    'medium',
    'medium',
    'Mild droop likely related to heat stress.',
    'Increase watering consistency and inspect airflow.',
    now() - interval '1 day'
  )
on conflict (id) do nothing;

insert into ai_reviews (
  id,
  plant_id,
  photo_id,
  provider,
  model_name,
  plant_identification,
  identification_confidence,
  alternate_identifications,
  visible_condition_summary,
  health_score,
  watering_risk,
  light_risk,
  pest_risk,
  disease_risk,
  immediate_actions,
  daily_care,
  weekly_care,
  monthly_care,
  long_term_care,
  warning_signs,
  next_photo_recommended_at,
  raw_response,
  reviewed_at,
  created_at
)
values
  (
    'rev-openai-1111-1111-1111-111111111111',
    '11111111-1111-1111-1111-111111111111',
    'aaaa1111-1111-1111-1111-111111111111',
    'openai',
    'mock-openai-botanist-v1',
    'Monstera deliciosa',
    0.9200,
    'Monstera borsigiana',
    'Healthy leaf pattern and upright petioles.',
    87,
    'medium',
    'low',
    'low',
    'low',
    'Water within 2 days and wipe leaves.',
    'Check topsoil moisture daily.',
    'Rotate 90 degrees.',
    'Inspect root spacing.',
    'Plan repot in next growth cycle.',
    'Yellowing lower leaves.',
    now() + interval '7 days',
    'Mock response for v1.',
    now() - interval '2 days',
    now() - interval '2 days'
  ),
  (
    'rev-claude-1111-1111-1111-111111111111',
    '11111111-1111-1111-1111-111111111111',
    'aaaa1111-1111-1111-1111-111111111111',
    'anthropic',
    'mock-claude-botanist-v1',
    'Monstera deliciosa',
    0.8900,
    'Monstera adansonii',
    'Leaf split quality is good with slight dry edge.',
    85,
    'medium',
    'low',
    'low',
    'low',
    'Add small humidity boost and water soon.',
    'Observe leaf firmness daily.',
    'Inspect underside for pests weekly.',
    'Prune damaged tips monthly.',
    'Keep bright indirect lighting stable.',
    'Crispy margins on newest leaves.',
    now() + interval '6 days',
    'Mock response for v1.',
    now() - interval '2 days',
    now() - interval '2 days'
  ),
  (
    'rev-consensus-1111-1111-1111-111111111111',
    '11111111-1111-1111-1111-111111111111',
    'aaaa1111-1111-1111-1111-111111111111',
    'consensus',
    'mock-consensus-v1',
    'Monstera deliciosa',
    0.9050,
    null,
    'Consensus: healthy growth with moderate watering risk.',
    86,
    'medium',
    'low',
    'low',
    'low',
    'Water within 48 hours and keep humidity steady.',
    'Quick topsoil check daily.',
    'Rotate and inspect foliage weekly.',
    'Assess root crowding monthly.',
    'Prepare repot plan before peak summer.',
    'Persistent droop after watering.',
    now() + interval '7 days',
    'Consensus synthesized from mock providers.',
    now() - interval '2 days',
    now() - interval '2 days'
  ),
  (
    'rev-openai-2222-2222-2222-222222222222',
    '22222222-2222-2222-2222-222222222222',
    'bbbb2222-2222-2222-2222-222222222222',
    'openai',
    'mock-openai-botanist-v1',
    'Ocimum basilicum',
    0.8800,
    'Thai basil',
    'Mild droop and slight edge curl.',
    73,
    'medium',
    'medium',
    'low',
    'low',
    'Water evenly and avoid hot windowsill hours.',
    'Check moisture every morning.',
    'Pinch top growth weekly.',
    'Refresh topsoil monthly.',
    'Consider larger pot when rootbound.',
    'Persistent wilting by afternoon.',
    now() + interval '4 days',
    'Mock response for v1.',
    now() - interval '1 day',
    now() - interval '1 day'
  ),
  (
    'rev-claude-2222-2222-2222-222222222222',
    '22222222-2222-2222-2222-222222222222',
    'bbbb2222-2222-2222-2222-222222222222',
    'anthropic',
    'mock-claude-botanist-v1',
    'Ocimum basilicum',
    0.8600,
    'Sweet basil',
    'Leaves are slightly soft but color remains viable.',
    71,
    'medium',
    'medium',
    'low',
    'low',
    'Increase humidity around plant and maintain airflow.',
    'Monitor leaf bounce daily.',
    'Trim leggy stems weekly.',
    'Feed lightly every two weeks.',
    'Replace plant after annual cycle if needed.',
    'Black spots near stem nodes.',
    now() + interval '5 days',
    'Mock response for v1.',
    now() - interval '1 day',
    now() - interval '1 day'
  ),
  (
    'rev-consensus-2222-2222-2222-222222222222',
    '22222222-2222-2222-2222-222222222222',
    'bbbb2222-2222-2222-2222-222222222222',
    'consensus',
    'mock-consensus-v1',
    'Ocimum basilicum',
    0.8700,
    null,
    'Consensus: mild stress, manageable with steady watering.',
    72,
    'medium',
    'medium',
    'low',
    'low',
    'Maintain moisture consistency for next 3 days.',
    'Quick moisture check morning and evening.',
    'Inspect lower leaf texture weekly.',
    'Refresh nutrients monthly.',
    'Track heat-exposure windows through summer.',
    'Sudden stem collapse.',
    now() + interval '5 days',
    'Consensus synthesized from mock providers.',
    now() - interval '1 day',
    now() - interval '1 day'
  ),
  (
    'rev-openai-3333-3333-3333-333333333333',
    '33333333-3333-3333-3333-333333333333',
    'cccc3333-3333-3333-3333-333333333333',
    'openai',
    'mock-openai-botanist-v1',
    'Dracaena trifasciata',
    0.9400,
    'Sansevieria trifasciata',
    'Strong upright leaves with minimal stress indicators.',
    92,
    'low',
    'low',
    'low',
    'low',
    'Wait for full dry cycle before watering.',
    'Check leaf posture daily.',
    'Dust leaves weekly.',
    'Inspect root density monthly.',
    'Repot only when roots crowd container.',
    'Softening near base of leaves.',
    now() + interval '10 days',
    'Mock response for v1.',
    now() - interval '6 days',
    now() - interval '6 days'
  ),
  (
    'rev-claude-3333-3333-3333-333333333333',
    '33333333-3333-3333-3333-333333333333',
    'cccc3333-3333-3333-3333-333333333333',
    'anthropic',
    'mock-claude-botanist-v1',
    'Dracaena trifasciata',
    0.9200,
    'Sansevieria laurentii',
    'Very stable structure and healthy coloration.',
    90,
    'low',
    'low',
    'low',
    'low',
    'Do not overwater; keep drainage free.',
    'Observe soil dryness daily.',
    'Rotate position weekly.',
    'Inspect pot stability monthly.',
    'Reassess location each season.',
    'Mushy yellow bases.',
    now() + interval '10 days',
    'Mock response for v1.',
    now() - interval '6 days',
    now() - interval '6 days'
  ),
  (
    'rev-consensus-3333-3333-3333-333333333333',
    '33333333-3333-3333-3333-333333333333',
    'cccc3333-3333-3333-3333-333333333333',
    'consensus',
    'mock-consensus-v1',
    'Dracaena trifasciata',
    0.9300,
    null,
    'Consensus: plant appears robust with low near-term risk.',
    91,
    'low',
    'low',
    'low',
    'low',
    'Maintain current care rhythm; avoid overwatering.',
    'Check leaf firmness daily.',
    'Inspect for dust/pests weekly.',
    'Review root/pot fit monthly.',
    'Continue timeline photos every 1-2 weeks.',
    'Wrinkling with persistent damp soil.',
    now() + interval '10 days',
    'Consensus synthesized from mock providers.',
    now() - interval '6 days',
    now() - interval '6 days'
  )
on conflict (id) do nothing;